Nível;Referência;Descrição;Qtde. orçada;Unidade;Preço total;BDI(%)
1;01;INDIRETOS;;;;
2;1.001;PROJETOS E CONSULTORIAS;;;;
3;1.001.001;Projetos e consultorias;;;;
4;1.001.001.001;Projetos e consultorias global;0;m2;0;0
3;1.001.002;LEED;;;;
4;1.001.002.001;Certificação Leed;1;m2;8.829.512,61;0
2;1.002;SERVIÇOS TÉCNICOS;;;;
3;1.002.001;Serviço topográfico;;;;
4;1.002.001.001;Serviço topográfico;1;vb;0;0
3;1.002.002;Ensaios e Laudos;;;;
4;1.002.002.001;Serviço Topográfico + Ensaios e Laudos;144.739,80;m2;5.262.883,87;0
2;1.003;SERVIÇOS PRELIMINARES E CANTEIRO DE OBRA;;;;
3;1.003.001;Serviços Preliminares;;;;
4;1.003.001.001;Placa de obra;1;vb;2.771,76;0
4;1.003.001.002;Tapume especial, calçada provisória, placa de obra e portões (estimado);127,25;m;520.115,29;0
4;1.003.001.003;Plotagens e impressões;0,25;vb;80.692,44;0
3;1.003.002;Construção de Canteiro de Obras;;;;
4;1.003.002.001;Construções e sinalizações provisórias;1;vb;3.353.775,17;0
4;1.003.002.002;Mobiliário e equipamentos para obra;1;vb;1.437.332,22;0
4;1.003.002.003;Plano logístico de canteiro;144.739,80;m2;228.688,88;0
3;1.003.003;Instalações provisórias hidrossanitárias (Material e M.O.);;;;
4;1.003.003.001;Instalações provisórias hidrossanitárias (Material);1;vb;251.533,14;0
4;1.003.003.002;Sistema de bombeamento provisório;1;un;68.263,20;0
4;1.003.003.003;Sistema para tratamento de efluentes de tinta e argamassa;1;vb;83.598,95;0
3;1.003.004;Instalações Provisórias Elétrica (Material e M.O.);;;;
4;1.003.004.001;Instalações provisórias elétricas;1;vb;337.182,80;0
3;1.003.005;Instalações Provisórias Preventivo (Material e M.O.);;;;
4;1.003.005.001;Instalações provisórias preventivo;1;vb;125.766,57;0
3;1.003.006;Refeitório para funcionários;;;;
4;1.003.006.001;Refeitório para funcionários;4;vb;345.167,20;0
3;1.003.007;Sala do cliente;;;;
4;1.003.007.001;Sala do cliente (incluso EPIs, equipamentos, parte civil e manutenção);2;vb;59.657,64;0
3;1.003.008;Seguro de obra;;;;
4;1.003.008.001;Seguro de obra;144.739,80;m2;1.075.416,71;0
2;1.004;CUSTOS DE OPERAÇÃO;;;;
3;1.004.001;Despesas Faturas Água, Luz, Lixo;;;;
4;1.004.001.001;Despesas com faturas (água, luz, lixo);131;mês;2.579.680,82;0
3;1.004.002;Despesas Administr. De Consumo, Escritório e Limpeza;;;;
4;1.004.002.001;Despesas com material de escritório;131;mês;448.450,99;0
4;1.004.002.002;Material de limpeza, higiene e uso;131;mês;1.345.351,66;0
3;1.004.003;Despesas Administr. Diretas da Obra (M.O.);;;;
4;1.004.003.001;Administração direta (incluso EPIs e ferramentas manuais);1;vb;41.437.398,03;0
4;1.004.003.002;Taxas e ART's;1;vb;3.976,92;0
3;1.004.004;Despesas Administr. De apoio a Obra (M.O.);;;;
4;1.004.004.001;Mão de obra de apoio a produção (incluso EPIs e ferramentas manuais);1;vb;13.056.644,97;0
3;1.004.005;Custos de Vigilância e Portaria;;;;
4;1.004.005.001;Serviço de vigilância eletrônica;131;mês;249.461,99;0
4;1.004.005.002;Serviço de portaria diurna;131;mês;1.446.143,06;0
4;1.004.005.003;Serviço de vigilância noturna;22;mês;328.573,96;0
3;1.004.006;Despesas com Manutenções de tapume e calçada;;;;
4;1.004.006.001;Manutenção de tapume e calçada;131;mês;85.658,62;0
3;1.004.007;Limpeza Diária da Obra;;;;
4;1.004.007.001;Mão de obra para limpeza geral da obra;131;mês;4.193.836,62;0
4;1.004.007.002;Verba para remoção de entulho;131;mês;2.694.355,60;0
3;1.004.008;Equipamentos de Proteção Coletivas;;;;
4;1.004.008.001;Equipamentos de Proteção Coletiva - EPC;1;vb;18.047.467,18;0
2;1.005;EQUIPAMENOS DE OBRA;;;;
3;1.005.001;Elevador de Obra;;;;
4;1.005.001.001;Elevador cremalheira / poço - inclusive manutenção preventiva e corretiva, ascensão, montagem e desmontagem - Compra;2;und;8.342.000,00;0
3;1.005.002;Grua;;;;
4;1.005.002.001;Grua c/ suporte - inclusive manutenção preventiva e corretiva, ascensão, montagem, desmontagem - Estimativa p/ compra;3;un;11.793.300,00;0
4;1.005.002.002;Grua convencional - inclusive manutenção preventiva e corretiva, ascensão, montagem, desmontagem;82;mês;2.494.487,56;0
4;1.005.002.003;Acessórios para grua (corda luminosa, bandeira, logo..);3;und;122.707,98;0
3;1.005.003;Sistemas de suporte para trabalho em altura para fachada;;;;
4;1.005.003.001;Balancim elétrico - inclusive manutenção preventiva e corretiva, montagem, desmontagem;1;vb;400.000,00;0
3;1.005.004;Braço para lançamento de concreto;;;;
4;1.005.004.001;Braço para lançamento de concreto - Tipo de Coluna e Escalada;1;vb;1.105.700,00;0
3;1.005.005;Logística de obra (M.O. e equipamentos);;;;
4;1.005.005.001;Equipamentos para logística de materiais - Bongo, munck e empilhadeira;131;mês;3.764.410,76;0
1;02;INFRAESTRUTURA;;;;
2;2.001;SERVIÇOS EM TERRA;;;;
3;2.001.001;Serviços em terra;;;;
4;2.001.001.001;Serviços em terra - Parametrizado;16.226,85;m3;8.833.408,70;0
2;2.002;FUNDAÇÕES PROFUNDAS - BLOCO CENTRAL;;;;
3;2.002.001;Execução de estacas (M.O, equipamentos e acessórios);;;;
4;2.002.001.001;Taxa de mobilização da hélice contínua;1;vb;24.040,46;0
4;2.002.001.002;Execução de estaca hélice contínua Ø60cm > 32m (M.O. e equipamentos);30.400,00;m;8.630.560,00;0
4;2.002.001.003;Destino resíduo hélice;760;un;554.116,00;0
3;2.002.002;Armação e Espaçadores (Material);;;;
4;2.002.002.001;Armadura 8,0mm estacas (material);1.360.129,00;kg;12.348.203,15;0
4;2.002.002.002;Clipe para amarração de aço;18.240,00;un;66.576,00;0
4;2.002.002.003;Espaçadores estacas;45.600,00;un;78.432,00;0
3;2.002.003;Concreto/argamassa (Material, M.O. e Equipamentos);;;;
4;2.002.003.001;Argamassa 70MPa 40 Gpa estacas (material, M.O. e equipamentos);8.595,40;m3;12.286.596,41;0
3;2.002.004;Arrasamento de estaca;;;;
4;2.002.004.001;Arrasamento de estacas;1.933,96;m3;1.776.056,21;0
2;2.003;FUNDAÇÕES PROFUNDAS - EMBASAMENTO;;;;
3;2.003.001;Execução de estacas (M.O, equipamentos e acessórios);;;;
4;2.003.001.001;Taxa de mobilização da hélice contínua;1;vb;24.040,46;0
4;2.003.001.002;Execução de estaca hélice contínua Ø60cm > 32m em solo padrão (M.O. e equipamentos);8.604,00;m;774.360,00;0
4;2.003.001.003;Destino resíduo hélice;239;un;174.254,90;0
3;2.003.002;Armação e Espaçadores (Material);;;;
4;2.003.002.001;Armadura 6,3mm estacas (material);3.060,00;kg;25.397,08;0
4;2.003.002.002;Armadura 20,0mm estacas (material);18.742,00;kg;146.107,01;0
4;2.003.002.003;Espaçadores estacas;2.151,00;un;3.699,72;0
3;2.003.003;Concreto/argamassa (Material, M.O. e Equipamentos);;;;
4;2.003.003.001;Concreto usinado 40MPa 40 Gpa estacas (material, M.O. e equipamentos);2.432,72;m3;2.619.413,35;0
3;2.003.004;Arrasamento de estaca;;;;
4;2.003.004.001;Arrasamento de estacas;405,4539;m3;372.348,59;0
2;2.004;CONTENÇÃO;;;;
3;2.004.001;Contenção - Parametrizado;;;;
4;2.004.001.001;Contenção, mureta-guia, concreto, aço, impermeabilização das juntas e demais serviços relacionados - Estimativa;5.331,95;m3;22.351.913,74;0
2;2.005;BLOCOS COROAMENTO - BLOCO PRINCIPAL;;;;
3;2.005.001;Formas blocos (Material);;;;
4;2.005.001.001;Lastro concreto magro para vigas e blocos (material);1.468,96;m2;90.241,64;0
4;2.005.001.002;Montagem fôrmas para fundação - (material);1.599,00;m2;125.425,56;0
3;2.005.002;Armação e Espaçadores (Material);;;;
4;2.005.002.001;Armadura 6,3mm (material);433.268,00;kg;2.777.117,90;0
4;2.005.002.002;Espaçadores blocos - bloco principal;1;vb;145.578,05;0
3;2.005.003;Concreto (Material e M.O.);;;;
4;2.005.003.001;Concreto usinado 70MPa 40Gpa (material, M.O. e equipamentos);6.993,00;m3;6.556.913,02;0
3;2.005.004;Infra-Estrutura (M.O.);;;;
4;2.005.004.001;M.O. para execução da infraestrutura;6.993,00;m3;6.326.916,75;0
2;2.006;BLOCOS COROAMENTO - DEMAIS BLOCOS;;;;
3;2.006.001;Rebaixamento do Lençol Freático;;;;
4;2.006.001.001;Instalação de ponteiras;1;vb;244.784,00;0
3;2.006.002;Formas blocos (Material);;;;
4;2.006.002.001;Lastro concreto magro para vigas e blocos (material);1.180,80;m2;72.539,50;0
4;2.006.002.002;Montagem fôrmas para fundação - (material);1.747,54;m2;137.076,72;0
3;2.006.003;Armação e Espaçadores (Material);;;;
4;2.006.003.001;Armadura 6,3mm (material);472.500,00;kg;3.028.583,25;0
4;2.006.003.002;Espaçadores blocos - blocos embasamento;1;vb;158.760,00;0
3;2.006.004;Concreto (Material e M.O.);;;;
4;2.006.004.001;Concreto usinado 40MPa 40Gpa (material, M.O. e equipamentos);3.500,00;m3;2.854.519,50;0
3;2.006.005;Infra-Estrutura (M.O.);;;;
4;2.006.005.001;M.O. para execução da infraestrutura;3.500,00;m3;3.166.625,00;0
1;03;SUPRAESTRUTURA;;;;
2;3.001;SUPRAESTRUTURA EMBASAMENTO;;;;
3;3.001.001;Passagens shaft (Material);;;;
4;3.001.001.001;Passagem dos shafts em laje;43.472,25;m2;242.140,43;0
3;3.001.002;Armação e Espaçadores (Material);;;;
4;3.001.002.001;Armadura 6,3mm (material);8.815.464,00;kg;56.504.479,60;0
4;3.001.002.002;Espaçadores embasamento;1;vb;4.654.564,99;0
3;3.001.003;Concreto (Material, M.O. e Equipamentos);;;;
4;3.001.003.001;Concreto usinado 75MPa 45Gpa (material, M.O. e equipamentos);12.027,00;m3;11.992.620,82;0
4;3.001.003.002;Concreto usinado 100MPa 50Gpa (material, M.O. e equipamentos);12.567,00;m3;14.677.960,68;0
4;3.001.003.003;Aditivo cristalizante adição concreto;1.744,63;m3;109.548,62;0
3;3.001.004;Supra Estrutura , formas e escoras (M.O.);;;;
4;3.001.004.001;M.O. para execução da supraestrutura embasamento - incluso formas e escoramento;24.594,00;m3;37.316.476,20;0
2;3.002;SUPRAESTRUTURA TORRE;;;;
3;3.002.001;Passagens shaft (Material);;;;
4;3.002.001.001;Passagem dos shafts em laje;95.801,37;m2;533.613,63;0
3;3.002.002;Armação e Espaçadores (Material);;;;
4;3.002.002.001;Armadura 6,3mm (material);14.868.061,00;kg;95.299.810,59;0
4;3.002.002.002;Espaçadores torre;1;vb;7.850.336,21;0
3;3.002.003;Concreto (Material, M.O. e Equipamentos);;;;
4;3.002.003.001;Concreto usinado 50MPa 40Gpa (material, M.O. e equipamentos);5.351,00;m3;4.883.691,82;0
4;3.002.003.002;Concreto usinado 60MPa 40Gpa (material, M.O. e equipamentos);9.644,00;m3;8.992.962,49;0
4;3.002.003.003;Concreto usinado 65MPa 40Gpa (material, M.O. e equipamentos);6.271,00;m3;5.975.667,26;0
4;3.002.003.004;Concreto usinado 70MPa 45Gpa (material, M.O. e equipamentos);4.445,00;m3;4.325.507,29;0
4;3.002.003.005;Concreto usinado 75MPa 45Gpa (material, M.O. e equipamentos);2.160,00;m3;2.153.825,64;0
4;3.002.003.006;Concreto usinado 80MPa 45Gpa (material, M.O. e equipamentos);13.069,00;m3;13.337.104,00;0
4;3.002.003.007;Concreto usinado 90MPa 45Gpa (material, M.O. e equipamentos);15.860,00;m3;17.739.417,93;0
4;3.002.003.008;Concreto usinado 100MPa 50Gpa (material, M.O. e equipamentos);7.299,00;m3;8.525.060,47;0
4;3.002.003.009;Aditivo cristalizante adição concreto;229,4784;m3;14.409,41;0
3;3.002.004;Supra Estrutura , formas e escoras (M.O.);;;;
4;3.002.004.001;M.O. para execução da supraestrutura torre - incluso formas e escoramento;64.099,00;m3;72.942.098,04;0
2;3.003;SUPRAESTRUTURA PAVIMENTOS TÉCNICOS;;;;
3;3.003.001;Passagens shaft (Material);;;;
4;3.003.001.001;Passagem dos shafts em laje;5.466,18;m2;30.446,62;0
3;3.003.002;Armação e Espaçadores (Material);;;;
4;3.003.002.001;Armadura 6,3mm (material);494.531,00;kg;3.169.795,35;0
4;3.003.002.002;Espaçadores técnicos;1;vb;261.112,37;0
3;3.003.003;Concreto (Material, M.O. e Equipamentos);;;;
4;3.003.003.001;Concreto usinado 50MPa 40Gpa (material, M.O. e equipamentos);1.752,00;m3;1.598.996,09;0
4;3.003.003.002;Concreto usinado 60MPa 40Gpa (material, M.O. e equipamentos);1.530,00;m3;1.426.714,29;0
3;3.003.004;Supra Estrutura , formas e escoras (M.O.);;;;
4;3.003.004.001;M.O. para execução da supraestrutura técnicos - incluso formas e escoramento;3.282,00;m3;4.598.180,46;0
3;3.003.005;Mass Damper (Material e M.O.);;;;
4;3.003.005.001;Mass Damper (Material);1;vb;90.485.685,00;0
4;3.003.005.002;Mass Damper (M.O. e Equipamentos);1;vb;27.145.705,50;0
1;04;PAREDES E DIVISÓRIAS;;;;
2;4.001;PAREDES E DIVISÓRIAS ÁREA COMUM;;;;
3;4.001.001;Alvenaria de Tijolo Ceramico e Concreto Celular (Material);;;;
4;4.001.001.001;Divisória de concreto celular e=15 cm (material);7.016,01;m2;679.967,13;0
4;4.001.001.002;Bloco celular para mureta e=10cm (material);284,046;m2;3.702,17;0
3;4.001.002;Alvenaria (M.O.);;;;
4;4.001.002.001;Divisória de concreto celular e=15 cm (M.O.);7.016,01;m2;361.929,30;0
4;4.001.002.002;Bloco celular para mureta e=10cm (M.O.);946,82;m;63.361,19;0
3;4.001.003;Divisória de Gesso Acartonado (Material);;;;
4;4.001.003.001;Revestimento de parede em gesso acartonado (material);10.429,62;m2;856.271,80;0
4;4.001.003.002;Vedação estruturada em gesso acartonado (material);4.315,69;m2;566.218,53;0
3;4.001.004;Divisória de Gesso Acartonado (M.O.);;;;
4;4.001.004.001;Revestimento de parede em gesso acartonado (M.O.);10.429,62;m2;812.780,29;0
4;4.001.004.002;Vedação estruturada em gesso acartonado (M.O.);4.315,69;m2;457.290,51;0
2;4.002;PAREDES E DIVISÓRIAS EMBASAMENTO;;;;
3;4.002.001;Alvenaria de Tijolo Ceramico e Concreto Celular (Material);;;;
4;4.002.001.001;Divisória de concreto celular e=15 cm (material);9.618,50;m2;932.191,36;0
4;4.002.001.002;Bloco celular para mureta e=10cm (material);16,812;m2;219,12;0
3;4.002.002;Alvenaria (M.O.);;;;
4;4.002.002.001;Divisória de concreto celular e=15 cm (M.O.);9.618,50;m2;496.181,86;0
4;4.002.002.002;Bloco celular para mureta e=10cm (M.O.);56,04;m;3.750,20;0
3;4.002.003;Divisória de Gesso Acartonado (Material);;;;
4;4.002.003.001;Revestimento de parede em gesso acartonado (material);2.297,69;m2;188.640,35;0
4;4.002.003.002;Vedação estruturada em gesso acartonado (material);469,85;m2;61.644,32;0
3;4.002.004;Divisória de Gesso Acartonado (M.O.);;;;
4;4.002.004.001;Revestimento de parede em gesso acartonado (M.O.);2.297,69;m2;179.058,98;0
4;4.002.004.002;Vedação estruturada em gesso acartonado (M.O.);469,85;m2;49.785,31;0
2;4.003;PAREDES E DIVISÓRIAS PAVIMENTOS TORRE;;;;
3;4.003.001;Alvenaria de Tijolo Ceramico e Concreto Celular (Material);;;;
4;4.003.001.001;Divisória de concreto celular e=15 cm (material);23.963,04;m2;2.322.413,97;0
4;4.003.001.002;Bloco celular para mureta e=10cm (Material);89,202;m2;1.162,63;0
3;4.003.002;Alvenaria (M.O.);;;;
4;4.003.002.001;Divisória de concreto celular e=15 cm (M.O.);23.963,04;m2;1.236.162,17;0
4;4.003.002.002;Bloco celular para mureta e=10cm (M.O.);297,34;m;19.897,99;0
3;4.003.003;Divisória de Gesso Acartonado (Material);;;;
4;4.003.003.001;Revestimento de parede em gesso acartonado (material);10.422,58;m2;855.693,82;0
4;4.003.003.002;Vedação estruturada em gesso acartonado (material);120.312,12;m2;15.784.950,14;0
3;4.003.004;Divisória de Gesso Acartonado (M.O.);;;;
4;4.003.004.001;Revestimento de parede em gesso acartonado (M.O.);10.422,58;m2;812.231,66;0
4;4.003.004.002;Vedação estruturada em gesso acartonado (M.O.);120.312,12;m2;12.748.272,24;0
2;4.004;PAREDES E DIVISÓRIAS PAVIMENTOS TÉCNICOS;;;;
3;4.004.001;Alvenaria de Tijolo Ceramico e Concreto Celular (Material);;;;
4;4.004.001.001;Divisória de concreto celular e=15 cm (material);4.074,57;m2;394.893,06;0
3;4.004.002;Alvenaria (M.O.);;;;
4;4.004.002.001;Divisória de concreto celular e=15 cm (M.O.);4.074,57;m2;210.191,58;0
3;4.004.003;Divisória de Gesso Acartonado (Material);;;;
4;4.004.003.001;Revestimento de parede em gesso acartonado (material);2.059,77;m2;169.107,12;0
4;4.004.003.002;Vedação estruturada em gesso acartonado (material);78,18;m2;10.257,22;0
3;4.004.004;Divisória de Gesso Acartonado (M.O.);;;;
4;4.004.004.001;Revestimento de parede em gesso acartonado (M.O.);2.059,77;m2;160.517,88;0
4;4.004.004.002;Vedação estruturada em gesso acartonado (M.O.);78,18;m2;8.283,95;0
1;05;INSTALAÇÕES HIDROSSANITÁRIAS;;;;
2;5.001;INSTALAÇÕES HIDROSSANITÁRIAS (MATERIAL);;;;
3;5.001.001;Ramais e Distribuição (Material);;;;
4;5.001.001.001;Hidrômetro;144.739,80;m2;544.583,50;0
4;5.001.001.002;Tubulação ventilação forçada;144.739,80;m2;544.583,50;0
3;5.001.002;Instalações hidrossanitárias (Material);;;;
4;5.001.002.001;Instalação hidrossanitária (material) - Cotação Temon;144.739,80;m2;26.940.665,03;0
2;5.002;INSTALAÇÕES HIDROSSANITÁRIAS (M.O.);;;;
3;5.002.001;Instalações Hidrossanitárias (M.O.);;;;
4;5.002.001.001;Instalações provisórias hidrossanitárias (M.O.);1;vb;77.795,56;0
4;5.002.001.002;Entrada de água e alimentação das torneiras (M.O.);144.739,80;m2;363.760,07;0
4;5.002.001.003;Marcação de instalações na laje e passagens (M.O.);144.739,80;m2;626.462,80;0
4;5.002.001.004;Hidrômetro (M.O.);144.739,80;m2;505.214,27;0
4;5.002.001.005;Tubulação ventilação forçada (M.O.);144.739,80;m2;303.128,56;0
4;5.002.001.006;Acabamentos colocação de louças e metais apartamentos (M.O.);1.672,00;un;377.286,80;0
4;5.002.001.007;Acabamentos colocação de louças e metais área comum (M.O.);22,8;un;7.717,23;0
4;5.002.001.008;Instalação hidrossanitária (M.O.) - Cotação Temon;144.739,80;m2;16.036.561,93;0
1;06;INSTALAÇÕES ELÉTRICAS, LÓGICAS E TELEFÔNICAS;;;;
2;6.001;INSTALAÇÕES ELÉTRICAS, LÓGICAS E TELEFÔNICAS EDIFÍCIO;;;;
3;6.001.001;Entrada de energia, subestação e barramento blindado (Material);;;;
4;6.001.001.001;Melhoria de rede;1;vb;257.694,56;0
3;6.001.002;Estações de recarga carros elétricos (Material);;;;
4;6.001.002.001;Estação de recarga veicular;20;un;765.790,00;0
2;6.002;INSTALAÇÕES ELÉTRICAS, LÓGICAS E TELEFÔNICAS PAVIMENTOS (MATERIAL);;;;
3;6.002.001;Exaustores;;;;
4;6.002.001.001;Exaustão forçada - Ventokit apartamentos (material);1.706,00;un;811.083,58;0
4;6.002.001.002;Exaustão forçada e renovação de ar (material);11.474,37;m2;919.613,38;0
4;6.002.001.003;Exaustor para churrasqueira a carvão;10;un;21.071,00;0
4;6.002.001.004;Exaustor para churrasqueira a gas;236;un;497.275,60;0
4;6.002.001.005;Exaustor para coifa;254;un;286.903,16;0
4;6.002.001.006;Ventilação garagem (material);28.351,97;m2;458.791,61;0
3;6.002.002;Instalações Elétricas (Material);;;;
4;6.002.002.001;Instalação elétrica e telefonia (material) - Cotação Temon;144.739,80;m2;72.398.486,11;0
2;6.003;INSTALAÇÕES ELÉTRICAS, LÓGICAS E TELEFÔNICAS (M.O.);;;;
3;6.003.001;Instalações Elétricas (M.O.);;;;
4;6.003.001.001;Instalações provisórias elétricas (M.O.);1;vb;26.286,87;0
4;6.003.001.002;Exaustão forçada - Ventokit apartamentos (M.O.);1.706,00;un;978.083,92;0
4;6.003.001.003;Exaustão forçada e renovação de ar (M.O.);11.474,37;m2;1.061.321,85;0
4;6.003.001.004;Exaustor para churrasqueira (M.O.);246;un;25.614,50;0
4;6.003.001.005;Exaustores ventilação garagens (M.O.);28.351,97;m2;305.861,07;0
4;6.003.001.006;Instalação elétrica e telefonia (M.O.) - Cotação Temon;144.739,80;m2;42.986.606,10;0
1;07;REVESTIMENTOS EM ARGAMASSA DE PISO, PAREDE E TETO;;;;
2;7.001;REVESTIMENTOS EM ARGAMASSA DE PISO, PAREDE E TETO ÁREA COMUM;;;;
3;7.001.001;Contrapiso (Material);;;;
4;7.001.001.001;Contrapiso e=3,5cm (material);12.467,68;m2;482.039,16;0
4;7.001.001.002;Contrapiso estruturado e=5,0cm (material);491,95;m2;34.097,45;0
4;7.001.001.003;Manta acústica (material);11.457,60;m2;405.938,18;0
3;7.001.002;Contrapiso (M.O.);;;;
4;7.001.002.001;Contrapiso e=3,5cm para drywall  (M.O.);12.467,68;m2;500.203,32;0
4;7.001.002.002;Contrapiso estruturado e=5,0cm (M.O.);491,95;m2;19.737,03;0
4;7.001.002.003;Manta acústica (M.O.);11.457,60;m2;97.045,87;0
3;7.001.003;Revestimento Interno (Material);;;;
4;7.001.003.001;Chapisco / reboco paredes internas c/ arg. projetada e=2,0cm (material);1.082,24;m2;16.991,60;0
4;7.001.003.002;Regularização  de superfícies (pilares, vigas e teto) (material);11.178,10;m2;68.351,85;0
3;7.001.004;Revestimento Interno (M.O.);;;;
4;7.001.004.001;Chapisco / reboco paredes internas c/ arg. projetada e=2,0cm (M.O.);1.082,24;m2;43.267,96;0
4;7.001.004.002;Regularização  de superfícies (pilares, vigas e teto) (M.O.);11.178,10;m2;280.123,19;0
4;7.001.004.003;Regularização de superfície escadaria e ante-câmara (M.O.);19;un;32.840,74;0
3;7.001.005;Revestimento Fachada (Material);;;;
4;7.001.005.001;Reboco paredes externas c/ arg. projetada e=3,5cm (material);950,12;m2;56.944,02;0
3;7.001.006;Revestimento Fachada (M.O.);;;;
4;7.001.006.001;Reboco paredes externas c/ arg. projetada e=3,5cm (M.O.);950,12;m2;63.420,51;0
2;7.002;REVESTIMENTOS EM ARGAMASSA DE PISO, PAREDE E TETO EMBASAMENTO;;;;
3;7.002.001;Contrapiso (Material);;;;
4;7.002.001.001;Contrapiso e=3,5cm (material);4.183,19;m2;161.735,09;0
4;7.002.001.002;Manta acústica (material);1.094,44;m2;38.775,57;0
3;7.002.002;Contrapiso (M.O.);;;;
4;7.002.002.001;Contrapiso e=3,5cm para drywall  (M.O.);4.183,19;m2;167.829,58;0
4;7.002.002.002;Manta acústica (M.O.);1.094,44;m2;9.269,91;0
3;7.002.003;Revestimento Interno (Material);;;;
4;7.002.003.001;Chapisco / reboco paredes internas c/ arg. projetada e=2,0cm (material);6.326,80;m2;99.333,29;0
4;7.002.003.002;Regularização  de superfícies (pilares, vigas e teto) (material);38.170,21;m2;233.403,20;0
3;7.002.004;Revestimento Interno (M.O.);;;;
4;7.002.004.001;Chapisco / reboco paredes internas c/ arg. projetada e=2,0cm (M.O.);6.326,80;m2;252.945,46;0
4;7.002.004.002;Regularização  de superfícies (pilares, vigas e teto) (M.O.);38.170,21;m2;956.545,46;0
4;7.002.004.003;Regularização de superfície escadaria e ante-câmara (M.O.);40;un;69.138,40;0
3;7.002.005;Revestimento Fachada (Material);;;;
4;7.002.005.001;Reboco paredes externas c/ arg. projetada e=3,5cm (material);2.813,21;m2;168.605,52;0
3;7.002.006;Revestimento Fachada (M.O.);;;;
4;7.002.006.001;Reboco paredes externas c/ arg. projetada e=3,5cm (M.O.);2.813,21;m2;187.781,77;0
2;7.003;REVESTIMENTOS EM ARGAMASSA DE PISO, PAREDE E TETO PAVIMENTOS TORRE;;;;
3;7.003.001;Contrapiso (Material);;;;
4;7.003.001.001;Contrapiso e=3,5cm (material);95.866,42;m2;3.706.492,98;0
4;7.003.001.002;Manta acústica (material);71.609,04;m2;2.537.079,64;0
3;7.003.002;Contrapiso (M.O.);;;;
4;7.003.002.001;Contrapiso e=3,5cm para drywall  (M.O.);95.866,42;m2;3.846.160,77;0
4;7.003.002.002;Manta acústica (M.O.);71.609,04;m2;606.528,57;0
3;7.003.003;Revestimento Interno (Material);;;;
4;7.003.003.001;Regularização  de superfícies (pilares, vigas e teto) (material);77.890,23;m2;476.283,18;0
3;7.003.004;Revestimento Interno (M.O.);;;;
4;7.003.004.001;Regularização  de superfícies (pilares, vigas e teto) (M.O.);77.890,23;m2;1.951.929,16;0
4;7.003.004.002;Regularização de superfície escadaria e ante-câmara (M.O.);130;un;224.699,80;0
2;7.004;REVESTIMENTOS EM ARGAMASSA DE PISO, PAREDE E TETO PAVIMENTOS TÉCNICOS;;;;
3;7.004.001;Contrapiso (Material);;;;
4;7.004.001.001;Contrapiso e=3,5cm (material);3.165,98;m2;122.406,60;0
3;7.004.002;Contrapiso (M.O.);;;;
4;7.004.002.001;Contrapiso e=3,5cm para drywall  (M.O.);3.165,98;m2;127.019,12;0
3;7.004.003;Revestimento Interno (Material);;;;
4;7.004.003.001;Regularização  de superfícies (pilares, vigas e teto) (material);13.833,94;m2;84.591,78;0
3;7.004.004;Revestimento Interno (M.O.);;;;
4;7.004.004.001;Regularização  de superfícies (pilares, vigas e teto) (M.O.);13.833,94;m2;346.678,54;0
4;7.004.004.002;Regularização de superfície escadaria e ante-câmara (M.O.);13;un;22.469,98;0
1;08;FORRO;;;;
2;8.001;FORRO ÁREA COMUM;;;;
3;8.001.001;Revestimento de Gesso (Material);;;;
4;8.001.001.001;Forro de gesso acartonado - diluído custo de sancas, cortineiros e demais detalhes (material);6.563,86;m2;445.029,71;0
3;8.001.002;Revestimento de Gesso (M.O.);;;;
4;8.001.002.001;Forro de gesso acartonado - diluído custo de sancas, cortineiros e demais detalhes (M.O.);6.563,86;m2;505.154,67;0
3;8.001.003;Revestimento de ACM (Material);;;;
4;8.001.003.001;Forro em ACM (material);1.463,29;m2;943.703,52;0
3;8.001.004;Revestimento de ACM (M.O.);;;;
4;8.001.004.001;Forro em ACM (M.O);1.463,29;m2;943.703,52;0
2;8.002;FORRO EMBASAMENTO;;;;
3;8.002.001;Revestimento de Gesso (Material);;;;
4;8.002.001.001;Forro de gesso acartonado - diluído custo de sancas, cortineiros e demais detalhes (material);786,42;m2;53.319,28;0
3;8.002.002;Revestimento de Gesso (M.O.);;;;
4;8.002.002.001;Forro de gesso acartonado - diluído custo de sancas, cortineiros e demais detalhes (M.O.);786,42;m2;60.522,88;0
2;8.003;FORRO PAVIMENTOS TORRE;;;;
3;8.003.001;Revestimento de Gesso (Material);;;;
4;8.003.001.001;Forro de gesso acartonado - diluído custo de sancas, cortineiros e demais detalhes (material);70.523,56;m2;4.781.497,37;0
4;8.003.001.002;Forro em ACM (material);925,03;m2;596.569,42;0
3;8.003.002;Revestimento de Gesso (M.O.);;;;
4;8.003.002.001;Forro de gesso acartonado - diluído custo de sancas, cortineiros e demais detalhes (M.O.);70.523,56;m2;5.427.493,18;0
4;8.003.002.002;Forro em ACM (M.O);925,03;m2;596.569,42;0
2;8.004;FORRO PAVIMENTOS TÉCNICOS;;;;
3;8.004.001;Revestimento de Gesso (Material);;;;
4;8.004.001.001;Forro de gesso acartonado - diluído custo de sancas, cortineiros e demais detalhes (material);132,52;m2;8.984,86;0
3;8.004.002;Revestimento de Gesso (M.O.);;;;
4;8.004.002.001;Forro de gesso acartonado - diluído custo de sancas, cortineiros e demais detalhes (M.O.);132,52;m2;10.198,74;0
1;09;IMPERMEABILIZAÇÕES;;;;
2;9.001;IMPERMEABILIZAÇÕES;;;;
3;9.001.001;Impermeabilizações (Material e M.O.);;;;
4;9.001.001.001;Impermeabilização parametrizada (Material e M.O.);144.739,80;m2;8.250.964,67;0
1;10;PINTURA;;;;
2;10.001;PINTURA ÁREA COMUM;;;;
3;10.001.001;Pintura (Material);;;;
4;10.001.001.001;Pintura sobre drywall seco (material);25.624,85;m2;263.582,33;0
4;10.001.001.002;Pintura sobre reboco (material);571,32;m2;5.532,38;0
4;10.001.001.003;Pintura de deck de madeira (material);179,24;m2;28.640,04;0
4;10.001.001.004;Pintura epóxi de piso (material);375,57;m2;41.616,91;0
4;10.001.001.005;Pintura de rodapé epóxi 10cm (material);567,43;m;6.591,44;0
4;10.001.001.006;Pintura de corrimão (material);383,23;m;3.238,29;0
4;10.001.001.007;Pintura de tubulação da garagem (material);74,348;m;217,68;0
4;10.001.001.008;Pintura de faixas de garagem (material);459,64;m2;3.216,19;0
4;10.001.001.009;Textura interna (material);3.425,09;m2;44.935,81;0
4;10.001.001.010;Textura interna - Box de praia (material);3.425,09;un;719.869,66;0
4;10.001.001.011;Textura externa (material);86,48;m2;1.385,63;0
3;10.001.002;Pintura (M.O.);;;;
4;10.001.002.001;Pintura de faixas de garagem (M.O.);459,64;m2;8.985,96;0
4;10.001.002.002;Pintura sobre gesso seco (M.O.);25.624,85;m2;1.455.491,48;0
4;10.001.002.003;Pintura de deck de madeira (M.O.);179,24;m2;4.667,41;0
4;10.001.002.004;Pintura sobre reboco (M.O.);571,32;m2;26.446,40;0
4;10.001.002.005;Pintura de piso e rodapé (M.O.);375,57;m2;11.402,31;0
4;10.001.002.006;Pintura de corrimão (M.O.);383,23;m;8.423,40;0
4;10.001.002.007;Pintura de tubulação da garagem (M.O.);74,348;m;1.417,07;0
4;10.001.002.008;Textura interna (M.O.);3.425,09;m2;62.644,90;0
4;10.001.002.009;Textura box de praia (M.O.);229;un;18.658,92;0
4;10.001.002.010;Textura externa do edifício por empreitada pela área de vista frontal (M.O.);86,48;m2;2.724,98;0
2;10.002;PINTURA EMBASAMENTO;;;;
3;10.002.001;Pintura (Material);;;;
4;10.002.001.001;Pintura sobre drywall seco (material);4.023,80;m2;41.389,61;0
4;10.002.001.002;Pintura sobre reboco (material);1.522,78;m2;14.745,84;0
4;10.002.001.003;Pintura epóxi de piso (material);739,93;m2;81.991,64;0
4;10.002.001.004;Pintura de rodapé epóxi 10cm (material);871,62;m;10.125,00;0
4;10.002.001.005;Pintura de corrimão (material);806,8;m;6.817,46;0
4;10.002.001.006;Pintura de tubulação da garagem (material);4.238,75;m;12.410,65;0
4;10.002.001.007;Pintura de faixas de garagem (material);11.543,14;m2;80.769,66;0
4;10.002.001.008;Textura interna (material);27.873,29;m2;365.686,42;0
4;10.002.001.009;Textura externa (material);1.290,43;m2;20.675,91;0
3;10.002.002;Pintura (M.O.);;;;
4;10.002.002.001;Pintura sobre gesso seco (M.O.);4.023,80;m2;228.551,84;0
4;10.002.002.002;Pintura sobre reboco (M.O.);1.522,78;m2;70.489,49;0
4;10.002.002.003;Pintura de piso e rodapé (M.O.);739,93;m2;22.464,27;0
4;10.002.002.004;Pintura de faixas de garagem (M.O.);11.543,14;m2;225.668,39;0
4;10.002.002.005;Pintura de corrimão (M.O.);806,8;m;17.733,46;0
4;10.002.002.006;Pintura de tubulação da garagem (M.O.);5.080,56;m;96.835,40;0
4;10.002.002.007;Textura interna (M.O.);27.873,29;m2;509.802,47;0
4;10.002.002.008;Textura externa do edifício por empreitada pela área de vista frontal (M.O.);1.290,43;m2;40.661,45;0
2;10.003;PINTURA PAVIMENTOS TORRE;;;;
3;10.003.001;Pintura (Material);;;;
4;10.003.001.001;Pintura sobre drywall seco (material);321.570,38;m2;3.307.737,24;0
4;10.003.001.002;Pintura epóxi de piso (material);2.679,00;m2;296.859,99;0
4;10.003.001.003;Pintura de rodapé epóxi 10cm (material);3.211,00;m;37.299,94;0
4;10.003.001.004;Pintura de corrimão (material);2.622,10;m;22.156,75;0
4;10.003.001.005;Textura interna (material);20.247,51;m2;265.639,23;0
3;10.003.002;Pintura (M.O.);;;;
4;10.003.002.001;Pintura sobre gesso seco (M.O.);321.570,38;m2;18.265.197,58;0
4;10.003.002.002;Pintura de piso e rodapé (M.O.);2.679,00;m2;81.334,44;0
4;10.003.002.003;Pintura de corrimão (M.O.);2.622,10;m;57.633,76;0
4;10.003.002.004;Textura interna (M.O.);20.247,51;m2;370.326,96;0
2;10.004;PINTURA PAVIMENTOS TÉCNICOS;;;;
3;10.004.001;Pintura (Material);;;;
4;10.004.001.001;Pintura sobre gesso seco (material);2.348,65;m2;36.746,74;0
4;10.004.001.002;Pintura epóxi de piso (material);237,29;m2;26.294,10;0
4;10.004.001.003;Pintura de rodapé epóxi 10cm (material);300,4;m;3.489,54;0
4;10.004.001.004;Pintura de corrimão (material);262,21;m;2.215,67;0
4;10.004.001.005;Textura interna (material);11.758,09;m2;154.261,44;0
3;10.004.002;Pintura (M.O.);;;;
4;10.004.002.001;Pintura sobre gesso seco (M.O.);2.348,65;m2;133.403,32;0
4;10.004.002.002;Pintura de piso e rodapé (M.O.);237,29;m2;7.204,12;0
4;10.004.002.003;Pintura de corrimão (M.O.);262,21;m;5.763,38;0
4;10.004.002.004;Textura interna (M.O.);11.758,09;m2;215.055,47;0
1;11;ACABAMENTOS DE PISO E PAREDE;;;;
2;11.001;ACABAMENTOS DE PISO E PAREDE ÁREA COMUM;;;;
3;11.001.001;Acabamento de Piso (Material);;;;
4;11.001.001.001;Acabamento de piso vinílico Embasamento padrão Atlântica (material);427,64;m2;125.288,17;0
4;11.001.001.002;Acabamento de piso porcelanato 14,5 X 14,5m (material);491,95;m2;99.170,72;0
4;11.001.001.003;Acabamento de piso porcelanato 60 x 60cm (material);2.139,97;m2;215.762,48;0
4;11.001.001.004;Acabamento de piso porcelanato 120 x 120cm (material);783,67;m2;149.352,14;0
4;11.001.001.005;Acabamento de piso porcelanato 120 x 120cm com rejunte especial (material);64,4;m2;12.664,32;0
4;11.001.001.006;Acabamento de piso pedra Infinity Concret Light com rejunte especial (material);2.925,29;m2;2.663.386,74;0
4;11.001.001.007;Proteção mecânica piso modular;6.856,92;m2;205.981,88;0
4;11.001.001.008;Deck de madeira (material);179,24;m2;192.747,53;0
4;11.001.001.009;Revestimento escadas especiais (comum) (material);24;m2;23.143,22;0
4;11.001.001.010;Piso elevado com acabamento em porcelanato 60 x 60cm antiderrapante  (material);2.385,05;m2;1.590.215,39;0
4;11.001.001.011;Rodapé 15cm de porcelanato 60 x 60cm (material);2.971,75;m;58.003,51;0
4;11.001.001.012;Rodapé 20cm de porcelanato 1,20 x 1,20m (material);527,8;m;22.668,27;0
4;11.001.001.013;Rodapé 20cm de granito (material);1.684,69;m;640.215,22;0
3;11.001.002;Acabamento de Piso (M.O.);;;;
4;11.001.002.001;Assentamento vinílico (M.O.);427,64;m2;14.296,01;0
4;11.001.002.002;Assentamento de porcelanato, cerâmica, lajota, pedra <= 0,99 m²  (M.O.);2.120,42;m2;129.409,23;0
4;11.001.002.003;Assentamento de porcelanato, cerâmica, lajota, pedra de 1,1 a 1,44 m² (M.O.);867,62;m2;61.106,48;0
4;11.001.002.004;Assentamento de porcelanato, cerâmica, lajota, pedra de 2,26 a 4,50 m² (M.O.);2.925,29;m2;270.911,11;0
4;11.001.002.005;Deck de madeira (M.O.);179,24;m2;232.058,44;0
4;11.001.002.006;Assentamento de porcelanato com rejunte epóxi (M.O.);491,95;m2;76.921,30;0
4;11.001.002.007;Revestimento escadas especiais (privativa) (M.O.);24;m2;6.983,77;0
4;11.001.002.008;Execução de piso elevado com acabamento em porcelanato 60 x 60cm antiderrapante (M.O.);2.385,05;m2;239.029,71;0
4;11.001.002.009;Colocação de rodapé de cerâmica/porcelanato (M.O.);3.499,55;m;142.886,63;0
4;11.001.002.010;Colocação de rodapé de granito (M.O.);1.684,69;m;11.869,48;0
3;11.001.003;Detalhes em Granito (Material);;;;
4;11.001.003.001;Soleiras de granito branco ceará (material);575,9;m;96.950,29;0
4;11.001.003.002;Borda de granito piscinas Limestone 40cm (material);311,08;m;120.859,74;0
3;11.001.004;Detalhes em Granito (M.O.);;;;
4;11.001.004.001;Soleiras de granito (M.O.);575,9;m;32.647,77;0
4;11.001.004.002;Execução borda de granito piscinas (M.O.);311,08;m;17.635,13;0
3;11.001.005;Acabamento de Parede Interna (Material);;;;
4;11.001.005.001;Acabamento de parede - porcelanato 14,5 X 14,5m (material);434,13;m2;87.514,96;0
3;11.001.006;Acabamento de Parede Interna (M.O.);;;;
4;11.001.006.001;Assentamento de porcelanato com rejunte epóxi (M.O.);434,13;m2;67.880,57;0
3;11.001.007;Acabamento de Parede Externa (Material);;;;
4;11.001.007.001;Acabamento de parede externa - porcelanato 60 X 120cm (material);972,72;m2;117.252,84;0
4;11.001.007.002;Revestimento para fachada ventilada (material);1.286,11;m2;437.791,84;0
4;11.001.007.003;Sistema de fachada ventilada (material);1.286,11;m2;263.076,37;0
3;11.001.008;Acabamento de Parede Externa (M.O.);;;;
4;11.001.008.001;Sistema de fachada ventilada (M.O.);1.286,11;m2;394.614,56;0
4;11.001.008.002;Assentamento de porcelanato, cerâmica, lajota, pedra <= 0,99 m²  (M.O.);972,72;m2;59.365,10;0
2;11.002;ACABAMENTOS DE PISO E PAREDE EMBASAMENTO;;;;
3;11.002.001;Acabamento de Piso (Material);;;;
4;11.002.001.001;Acabamento de piso porcelanato 60 x 60cm (material);997,4;m2;100.562,86;0
4;11.002.001.002;Proteção mecânica piso modular;997,4;m2;29.961,90;0
4;11.002.001.003;Piso elevado com acabamento em porcelanato 60 x 60cm antiderrapante  (material);97,04;m2;64.700,74;0
4;11.002.001.004;Rodapé 15cm de porcelanato 60 x 60cm (material);1.160,70;m;22.654,89;0
3;11.002.002;Acabamento de Piso (M.O.);;;;
4;11.002.002.001;Assentamento de porcelanato, cerâmica, lajota, pedra <= 0,99 m²  (M.O.);997,4;m2;60.871,32;0
4;11.002.002.002;Execução de piso elevado com acabamento em porcelanato 60 x 60cm antiderrapante (M.O.);97,04;m2;9.725,35;0
4;11.002.002.003;Colocação de rodapé de cerâmica/porcelanato (M.O.);1.160,70;m;47.391,38;0
3;11.002.003;Detalhes em Granito (Material);;;;
4;11.002.003.001;Soleiras de granito branco ceará (material);189,38;m;31.881,31;0
3;11.002.004;Detalhes em Granito (M.O.);;;;
4;11.002.004.001;Soleiras de granito (M.O.);189,38;m;10.735,95;0
3;11.002.005;Acabamento de Parede Externa (Material);;;;
4;11.002.005.001;Revestimento para fachada ventilada (material);3.645,63;m2;1.240.972,45;0
4;11.002.005.002;Sistema de fachada ventilada (material);3.645,63;m2;745.720,91;0
3;11.002.006;Acabamento de Parede Externa (M.O.);;;;
4;11.002.006.001;Sistema de fachada ventilada (M.O.);3.645,63;m2;1.118.581,36;0
3;11.002.007;Acabamento de Piso de Garagem (Material);;;;
4;11.002.007.001;Pintura epóxi de piso garagens (material);21.565,51;m2;2.389.674,16;0
4;11.002.007.002;Pintura de rodapé epóxi 10cm (material);4.476,84;m;52.004,32;0
4;11.002.007.003;Pintura demarcação de vagas de garagem (material e M.O.);11.328,39;m;159.843,63;0
4;11.002.007.004;Acabamento de piso - lajotas (rampa das garagens) (material);2.765,01;m2;371.738,17;0
4;11.002.007.005;Rodapé 10cm de lajota rampa (material);786,24;m;6.278,13;0
3;11.002.008;Acabamento de Piso de Garagem (M.O.);;;;
4;11.002.008.001;Polimento de piso de concreto aparente (M.O.);21.565,51;m2;378.259,05;0
4;11.002.008.002;Preparação e pintura do piso (M.O.);21.565,51;m2;1.024.146,07;0
4;11.002.008.003;Pintura de rodapé 10cm (M.O.);4.476,84;m;52.110,42;0
4;11.002.008.004;Assentamento de lajota rampa (M.O.);2.765,01;m2;348.944,26;0
4;11.002.008.005;Colocação de rodapé de cerâmica/porcelanato (M.O.);786,24;m;32.102,18;0
3;11.002.009;Acabamento de Piso de Calçadas (Material);;;;
4;11.002.009.001;Calçada externa definitiva concreto estampado - inclusive meio fio (material);1.087,51;m2;177.220,63;0
3;11.002.010;Acabamento de Piso de Calçadas (M.O.);;;;
4;11.002.010.001;Calçada externa definitiva concreto estampado - inclusive meio fio (M.O.);1.087,51;m2;91.470,47;0
2;11.003;ACABAMENTOS DE PISO E PAREDE TORRE;;;;
3;11.003.001;Acabamento de Piso (Material);;;;
4;11.003.001.001;Acabamento de piso vinílico Torre (material);20.402,66;m2;3.019.842,59;0
4;11.003.001.002;Acabamento de piso porcelanato 120 x 120cm (material);51.206,38;m2;9.758.932,38;0
4;11.003.001.003;Proteção mecânica em manta;71.673,04;m2;262.638,69;0
4;11.003.001.004;Revestimento escadas especiais (privativa) (material);64;m2;206.297,82;0
4;11.003.001.005;Piso elevado com acabamento em porcelanato 60 x 60cm antiderrapante  (material);637,44;m2;425.008,66;0
4;11.003.001.006;Rodapé 20cm de porcelanato 1,20 x 1,20m (material);10.685,34;m;458.920,22;0
4;11.003.001.007;Rodapé 15cm de porcelanato 60 x 60cm (material);2.083,81;m;40.672,43;0
4;11.003.001.008;Rodapé 20cm de madeira (material);12.141,54;m;1.035.600,51;0
3;11.003.002;Acabamento de Piso (M.O.);;;;
4;11.003.002.001;Assentamento vinílico (M.O.);20.402,66;m2;682.060,92;0
4;11.003.002.002;Assentamento de porcelanato, cerâmica, lajota, pedra de 1,1 a 1,44 m² (M.O.);51.206,38;m2;3.606.465,34;0
4;11.003.002.003;Revestimento escadas especiais (privativa) (M.O.);64;m2;18.623,39;0
4;11.003.002.004;Execução de piso elevado com acabamento em porcelanato 60 x 60cm antiderrapante (M.O.);637,44;m2;63.884,24;0
4;11.003.002.005;Colocação de rodapé de cerâmica/porcelanato (M.O.);10.654,64;m;435.028,95;0
4;11.003.002.006;Colocação de rodapé de madeira (M.O.);12.141,54;m;164.396,45;0
3;11.003.003;Detalhes em Granito (Material);;;;
4;11.003.003.001;Filete de Nanoglass (material);1.416,80;m;50.006,95;0
4;11.003.003.002;Soleiras de granito branco ceará (material);756,06;m;127.279,45;0
4;11.003.003.003;Borda de granito piscinas Limestone (material);347,27;m;68.051,93;0
3;11.003.004;Detalhes em Granito (M.O.);;;;
4;11.003.004.001;Soleiras de granito (M.O.);2.172,86;m;123.179,43;0
4;11.003.004.002;Execução borda de granito piscinas (M.O.);347,27;m;19.686,74;0
3;11.003.005;Acabamento de Parede Interna (Material);;;;
4;11.003.005.001;Acabamento de parede - porcelanato 60 X 120cm Polido (material);44.466,81;m2;6.677.465,24;0
4;11.003.005.002;Acabamento de parede - revestimento de nichos (material);1.906,08;m;228.984,82;0
3;11.003.006;Acabamento de Parede Interna (M.O.);;;;
4;11.003.006.001;Assentamento de porcelanato, cerâmica, lajota, pedra <= 0,99 m²  (M.O.);44.466,81;m2;2.713.809,41;0
4;11.003.006.002;Assentamento de porcelanato nichos (M.O.);1.906,08;m;167.601,61;0
2;11.004;ACABAMENTOS DE PISO E PAREDE PAVIMENTOS TÉCNICOS;;;;
3;11.004.001;Acabamento de Piso (Material);;;;
4;11.004.001.001;Acabamento de piso porcelanato 60 x 60cm (material);2.983,15;m2;300.776,10;0
4;11.004.001.002;Proteção mecânica em manta;2.983,15;m2;10.931,45;0
4;11.004.001.003;Rodapé 15cm de porcelanato 60 x 60cm (material);1.459,46;m;28.486,18;0
3;11.004.002;Acabamento de Piso (M.O.);;;;
4;11.004.002.001;Assentamento de porcelanato, cerâmica, lajota, pedra <= 0,99 m²  (M.O.);2.983,15;m2;182.061,64;0
4;11.004.002.002;Colocação de rodapé de cerâmica/porcelanato (M.O.);1.459,46;m;59.589,75;0
1;12;ESQUADRIAS;;;;
2;12.001;ESQUADRIAS DE ALUMÍNIO;;;;
3;12.001.001;Esquadrias de Alumínio Edifício (Material e M.O.);;;;
4;12.001.001.001;Pele entre vigas - vidro laminado refletivo (material);3.065,32;m2;7.137.825,99;0
4;12.001.001.002;Pele passante  - vidro laminado refletivo (material);56.033,69;m2;130.478.621,67;0
4;12.001.001.003;Porta janela - vidro laminado refletivo (material);3.198,02;m2;6.446.234,52;0
4;12.001.001.004;Vidro temperado translúcido (material);157,66;m2;265.409,89;0
4;12.001.001.005;Porta blindada (material);1;un;15.000,00;0
4;12.001.001.006;Vidro encaixilhado translúcido (material);659,68;m2;1.372.520,64;0
4;12.001.001.007;Portão alumínio (material);371,57;m2;464.462,50;0
4;12.001.001.008;Guarda corpo autoportante - vidro laminado refletivo (material);1.429,74;m2;5.120.760,36;0
4;12.001.001.009;Veneziana de alumínio (material);409,24;m2;560.969,82;0
4;12.001.001.010;Brises de alumínio unitizado (material);2.556,65;m2;4.569.065,91;0
4;12.001.001.011;Brises de alumínio decorativo (material);625,35;m2;1.436.122,53;0
4;12.001.001.012;Fechadura digital fenner;229;un;65.313,09;0
3;12.001.002;Esquadrias de Alumínio Edifício (Material e M.O.);;;;
4;12.001.002.001;Compartimentação vertical nas esquadrias (Material e M.O.);16.172,38;m2;19.406.851,20;0
2;12.002;ESQUADRIA DE MADEIRA;;;;
3;12.002.001;Esquadrias de Madeira Embasamento (Material);;;;
4;12.002.001.001;Porta de madeira abrir 0,70x2,10m (material);7;un;20.757,17;0
4;12.002.001.002;Porta de madeira abrir 0,80x2,10m (material);15;un;44.285,10;0
4;12.002.001.003;Porta de madeira abrir RU 0,80x2,10m (material);4;un;11.518,68;0
4;12.002.001.004;Porta de madeira abrir 0,90x2,10m (material);27;un;94.856,40;0
4;12.002.001.005;Porta de madeira abrir RU 0,90x2,10m (material);10;un;34.405,30;0
3;12.002.002;Esquadrias de Madeira Embasamento (M.O.);;;;
4;12.002.002.001;Instalação de porta de madeira abrir 0,70x2,10m (M.O.);7;un;1.540,70;0
4;12.002.002.002;Instalação de porta de madeira abrir 0,80x2,10m (M.O.);19;un;4.181,90;0
4;12.002.002.003;Instalação de porta de madeira abrir 0,90x2,10m (M.O.);37;un;8.143,70;0
3;12.002.003;Esquadrias de Madeira Área Comum (Material);;;;
4;12.002.003.001;Porta de madeira abrir RU 0,60x2,10m com apliques (material);1;un;3.924,97;0
4;12.002.003.002;Porta de madeira abrir 0,70x2,10m com apliques (material);8;un;31.981,12;0
4;12.002.003.003;Porta de madeira abrir RU 0,70x2,10m com apliques (material);33;un;129.524,01;0
4;12.002.003.004;Porta de madeira abrir 0,80x2,10m com apliques (material);10;un;40.854,90;0
4;12.002.003.005;Porta de madeira abrir RU 0,80x2,10m com apliques (material);8;un;32.102,56;0
4;12.002.003.006;Porta de madeira abrir 0,90x2,10m com apliques (material);42;un;219.424,80;0
4;12.002.003.007;Porta de madeira abrir RU 0,90x2,10m com apliques (material);22;un;113.338,06;0
4;12.002.003.008;Porta de madeira abrir 1,00x2,10m (material);1;un;3.793,15;0
3;12.002.004;Esquadrias de Madeira Área Comum (M.O.);;;;
4;12.002.004.001;Instalação de porta de madeira abrir 0,60x2,10m (M.O.);1;un;220,1;0
4;12.002.004.002;Instalação de porta de madeira abrir 0,70x2,10m (M.O.);41;un;9.024,10;0
4;12.002.004.003;Instalação de porta de madeira abrir 0,80x2,10m (M.O.);18;un;3.961,80;0
4;12.002.004.004;Instalação de porta de madeira abrir 0,90x2,10m (M.O.);64;un;14.086,40;0
4;12.002.004.005;Instalação de porta de madeira abrir 1,00x2,10m (M.O.);1;un;220,1;0
3;12.002.005;Esquadrias de Madeira Torre (Material);;;;
4;12.002.005.001;Porta de madeira abrir 0,70x2,10m (material);2.024,00;un;6.001.787,44;0
4;12.002.005.002;Porta de madeira abrir 0,80x2,10m (material);1.300,00;un;3.838.042,00;0
4;12.002.005.003;Porta de madeira PRF-30 abrir 1,10x2,10m com biometria (material);380;un;2.441.203,60;0
4;12.002.005.004;Porta de madeira PRF-30 abrir 1,20x2,10m com biometria (material);94;un;641.393,96;0
3;12.002.006;Esquadrias de Madeira Torre (M.O.);;;;
4;12.002.006.001;Instalação de porta de madeira abrir 0,70x2,10m (M.O.);2.024,00;un;445.482,40;0
4;12.002.006.002;Instalação de porta de madeira abrir 0,80x2,10m (M.O.);1.300,00;un;286.130,00;0
4;12.002.006.003;Instalação de porta de madeira abrir 1,10x2,10m (M.O.);380;un;83.638,00;0
4;12.002.006.004;Instalação de porta de madeira abrir 1,20x2,10m (M.O.);94;un;20.689,40;0
3;12.002.007;Esquadrias de Madeira Técnicos (Material);;;;
4;12.002.007.001;Porta de madeira abrir 0,70x2,10m (material);18;un;53.375,58;0
4;12.002.007.002;Porta de madeira abrir 0,80x2,10m (material);16;un;47.237,44;0
3;12.002.008;Esquadrias de Madeira Técnicos (M.O.);;;;
4;12.002.008.001;Instalação de porta de madeira abrir 0,70x2,10m (M.O.);18;un;3.961,80;0
4;12.002.008.002;Instalação de porta de madeira abrir 0,80x2,10m (M.O.);16;un;3.521,60;0
2;12.003;PORTAS CORTA FOGO;;;;
3;12.003.001;Portas Corta Fogo Área comum (Material);;;;
4;12.003.001.001;Porta corta fogo pintura epóxi 0,90x2,10m (material);39;un;68.592,81;0
4;12.003.001.002;Porta corta fogo epóxi dupla 1,60x2,10m (material);16;un;63.388,32;0
3;12.003.002;Portas Corta Fogo Área Comum (M.O.);;;;
4;12.003.002.001;Instalação de porta corta fogo pintura epóxi 0,90x2,10m (M.O.);39;un;6.421,74;0
4;12.003.002.002;Instalação de porta corta fogo inox dupla 1,60x2,10m (M.O.);16;un;3.951,84;0
3;12.003.003;Portas Corta Fogo Embasamento (Material);;;;
4;12.003.003.001;Porta corta fogo pintura epóxi 0,90x2,10m (material);31;un;54.522,49;0
3;12.003.004;Portas Corta Fogo Embasamento (M.O.);;;;
4;12.003.004.001;Instalação de porta corta fogo pintura epóxi 0,90x2,10m (M.O.);31;un;5.104,46;0
3;12.003.005;Portas Corta Fogo Torre (Material);;;;
4;12.003.005.001;Porta corta fogo pintura epóxi 0,90x2,10m (material);260;un;457.285,40;0
3;12.003.006;Portas Corta Fogo Torre (M.O.);;;;
4;12.003.006.001;Instalação de porta corta fogo pintura epóxi 0,90x2,10m (M.O.);260;un;42.811,60;0
3;12.003.007;Portas Corta Fogo Técnicos (Material);;;;
4;12.003.007.001;Porta corta fogo pintura epóxi 0,90x2,10m (material);25;un;43.969,75;0
3;12.003.008;Portas Corta Fogo Técnicos (M.O.);;;;
4;12.003.008.001;Instalação de porta corta fogo inox 0,90x2,10m (M.O.);25;un;4.116,50;0
1;13;SISTEMAS E INSTALAÇÕES ESPECIAIS;;;;
2;13.001;SISTEMAS CONTRA INCÊNDIO;;;;
3;13.001.001;Escada pressurizada (Material e M.O.);;;;
4;13.001.001.001;Escada pressurizada;1;vb;267.858,34;0
3;13.001.002;Desenfumagem (Material e M.O.);;;;
4;13.001.002.001;Desenfumagem;1;vb;67.242,60;0
3;13.001.003;Sistema de detecção e alarme (Material e M.O.);;;;
4;13.001.003.001;Cabeamento e equipamentos alarme de incêndio;144.739,80;m2;545.669,05;0
3;13.001.004;Extintores e placas de sinalização;;;;
4;13.001.004.001;Extintores e placas de sinalização;1;vb;149.806,02;0
3;13.001.005;Automação iluminação de emergência (Material e M.O.);;;;
4;13.001.005.001;Automação iluminação de emergência;144.739,80;m2;756.989,15;0
3;13.001.006;Firestop passagens tubulações;;;;
4;13.001.006.001;Envelopamento prumada (material e M.O.);1;vb;2.175.996,60;0
3;13.001.007;Mão de obra parte civil e acessórios (preventivo);;;;
4;13.001.007.001;Mão de obra parte civil e acessórios (preventivo);144.739,80;m2;153.424,19;0
3;13.001.008;Preventivo contra incêndio (material);;;;
4;13.001.008.001;Preventivo (material) - Cotação Temon;144.739,80;m2;11.138.234,20;0
3;13.001.009;Preventivo contra incêndio (M.O.);;;;
4;13.001.009.001;Preventivo (M.O.) - Cotação Temon;144.739,80;m2;6.613.320,68;0
2;13.002;ELEVADORES;;;;
3;13.002.001;Elevadores;;;;
4;13.002.001.001;Elevadores sociais - Faseado;4;un;56.795.317,40;0
4;13.002.001.002;Elevadores serviços e emergência - Faseado;3;un;41.950.083,09;0
4;13.002.001.003;Elevadores secundários (museu, sala comercial, públicos e restaurante);7;un;2.972.004,00;0
4;13.002.001.004;Elevadores montacarga;1;un;313.750,50;0
4;13.002.001.005;Elevadores delivery;1;un;8.057.360,79;0
4;13.002.001.006;Elevador Heliponto;1;un;1.480.680,81;0
4;13.002.001.007;Elevadores automotivo;1;un;3.561.377,71;0
4;13.002.001.008;Elevadores automotivo panorâmico;1;un;1.692.144,53;0
4;13.002.001.009;Escadas rolantes;4;un;5.444.798,16;0
4;13.002.001.010;Manutenção de elevador;6;mês;388.531,38;0
2;13.003;INFRAESTRUTURA CLIMATIZAÇÃO;;;;
3;13.003.001;Infra Climatização (Material);;;;
4;13.003.001.001;Infraestrutura de climatização na alvenaria/estrutura torre (material);2.090,00;pto;4.457.829,97;0
3;13.003.002;Infra Climatização (M.O.);;;;
4;13.003.002.001;Execução de infraestrutura de climatização na alvenaria/estrutura torre (M.O.);2.090,00;pto;665.307,61;0
3;13.003.003;Infra Climatização (Material e M.O.);;;;
4;13.003.003.001;Infraestrutura de climatização na alvenaria/estrutura área comum (material e M.O.) - Estimativa;11.474,37;m2;932.590,90;0
2;13.004;GÁS;;;;
3;13.004.001;Gás Piso (Material);;;;
4;13.004.001.001;Gás piso (material);473;pto;123.091,16;0
3;13.004.002;Gás Piso (M.O.);;;;
4;13.004.002.001;Instalação gás piso;473;pto;38.011,46;0
3;13.004.003;Gás Prumada e Acessórios (Material);;;;
4;13.004.003.001;Gás prumada e Acessórios (material);473;pto;697.516,55;0
3;13.004.004;Gás  Prumada e Acessórios (M.O.);;;;
4;13.004.004.001;Instalação gás prumadas e acessórios;473;pto;215.398,29;0
2;13.005;INSTALAÇÕES ESPECIAIS;;;;
3;13.005.001;Infra sistemas de exaustão (Material e M.O.);;;;
4;13.005.001.001;Dutos churrasqueira a carvão;144,1;m;120.095,82;0
4;13.005.001.002;Dutos churrasqueira a gas;3.544,86;m;2.572.823,94;0
4;13.005.001.003;Dutos aquecedor;927,48;m;377.113,37;0
4;13.005.001.004;Saída aquecedor;472;un;162.504,88;0
4;13.005.001.005;Dutos coifas do fogão;3.387,78;m;2.541.106,02;0
3;13.005.002;Automação (Material e M.O.);;;;
4;13.005.002.001;Sistema de automação - Parametrizado;144.739,80;m2;10.400.423,07;0
3;13.005.003;Equipamentos Climatização (Material e M.O.);;;;
4;13.005.003.001;Equipamentos de climatização - Estimativa (material e M.O.);11.474,37;m2;2.538.360,13;0
1;14;SERVIÇOS COMPLEMENTARES;;;;
2;14.001;LOUÇAS E METAIS;;;;
3;14.001.001;Louças Área comum;;;;
4;14.001.001.001;Bacio sanitário c/ caixa acoplada modelo gap;13;un;16.706,43;0
4;14.001.001.002;Bacia suspensa c/caixa de descarga, válvula e assento;50;un;167.428,00;0
4;14.001.001.003;Bacio sanitário c/ caixa acoplada (bwc deficiente) c/ assento e barras de apoio;19;un;47.707,02;0
4;14.001.001.004;Assento e tampa bacio sanitário modelo gap;13;un;5.949,32;0
4;14.001.001.005;Cubas em louça - Área comum;1;vb;200.000,00;0
3;14.001.002;Metais e Acessórios Área comum;;;;
4;14.001.002.001;Metais e acessórios - Área comum;1;un;788.289,22;0
3;14.001.003;Louças Embasamento;;;;
4;14.001.003.001;Bacia suspensa c/caixa de descarga, válvula e assento;17;un;56.925,52;0
4;14.001.003.002;Cubas em louça - Estimado;1;un;30.000,00;0
3;14.001.004;Metais e Acessórios Embasamento;;;;
4;14.001.004.001;Ralos, acabamento registros e cubas - Estimado;1;un;60.000,00;0
3;14.001.005;Louças Torre;;;;
4;14.001.005.001;Bacia suspensa c/caixa de descarga, válvula e assento;242;un;810.351,52;0
4;14.001.005.002;Bacio sanitário c/ caixa acoplada modelo gap;1.430,00;un;1.837.707,30;0
3;14.001.006;Metais e Acessórios Torre;;;;
4;14.001.006.001;Acabamento de pontos hidráulicos;17.890,46;un;710.967,06;0
4;14.001.006.002;Ralos (parametrizado);144.739,80;m2;235.925,87;0
2;14.002;SERVIÇOS COMPLEMENTARES;;;;
3;14.002.001;Corrimão de Escadas (Material e M.O.);;;;
4;14.002.001.001;Corrimão de madeira fixo em parede (material);4.074,34;m;142.235,21;0
4;14.002.001.002;Colocação de corrimão de madeira (M.O.);4.074,34;m;94.443,20;0
4;14.002.001.003;Guarda corpo escadaria (material e M.O.);202;un;59.135,50;0
3;14.002.002;Serviços Complementares;;;;
4;14.002.002.001;Sistema piso aquecido;2.325,00;m2;1.444.499,25;0
4;14.002.002.002;Sistema de suporte para manutenção de fachada;5;vb;24.500.000,00;0
4;14.002.002.003;Iluminação Embasamento (Av. Normando Tedesco);1.854,20;m;8.806.096,43;0
4;14.002.002.004;Iluminação S (Av. Normando Tedesco);82;m;501.440,66;0
4;14.002.002.005;"Iluminação ""Geodésia"" (Av. Brasil)";129,6;m;792.520,85;0
4;14.002.002.006;Iluminação torre - Base Boreal;6.600,30;m;40.361.692,54;0
4;14.002.002.007;Iluminação coroamento;20;un;1.200.000,00;0
4;14.002.002.008;Quadra esportiva com piso modular, alambrado em inox, iluminação, redes de proteção e equipamentos;115,26;m2;138.225,56;0
4;14.002.002.009;Churrasqueira a carvão;10;un;14.354,56;0
3;14.002.003;Piscinas, saunas, banheiras e SPA's;;;;
4;14.002.003.001;Equipamentos piscinas moldadas in loco;556,08;m2;611.487,81;0
4;14.002.003.002;Piscinas Igui Unlimited (aquecida);20;un;4.485.216,60;0
4;14.002.003.003;Sistema de desumidificador para piscinas;1;un;242.339,50;0
4;14.002.003.004;Espelhos d'água, fontes, chafariz;1;un;52.489,62;0
4;14.002.003.005;Cascata;1;un;31.470,64;0
4;14.002.003.006;Banheiras;250;un;1.140.967,50;0
4;14.002.003.007;Spas Igui Unlimited;10;un;436.162,30;0
4;14.002.003.008;Spas;2;un;40.015,18;0
4;14.002.003.009;Saunas;1;vb;28.433,94;0
3;14.002.004;Serviços de Serralheria;;;;
4;14.002.004.001;Serviço de serralheria (grelha, tampa, escada marinheiro);1;vb;65.342,03;0
3;14.002.005;Escadas pré moldadas (Material e M.O.);;;;
4;14.002.005.001;Escadas especiais (privativa);8;un;375.376,24;0
4;14.002.005.002;Escadas especiais (comum);3;un;161.880,99;0
3;14.002.006;Balizador e acessórios pináculo;;;;
4;14.002.006.001;Balizador - Pináculo;1;vb;41.114,89;0
3;14.002.007;Estruturas metálicas;;;;
4;14.002.007.001;Estrutura metálica térreo e lazer (sem vidro e acm) - Brafer;1;vb;42.511.522,75;0
4;14.002.007.002;"Estrutura metálica ""S"" (material e M.O.)";1;vb;700.000,00;0
4;14.002.007.003;Estrutura metálica coroamento estimado (material e M.O.) - Solutec;1.422.933,33;kg;106.720.000,00;0
4;14.002.007.004;Acabamento estrutura metálica térreo (Material e M.O.) - Estimativa;3.144,22;m2;2.515.372,00;0
4;14.002.007.005;Acabamento estrutura metálica em S (Material e M.O.) - Estimativa;359,743;m2;287.794,40;0
4;14.002.007.006;Acm especial coroamento (material);5.903,21;m2;4.101.015,55;0
4;14.002.007.007;Acm especial coroamento (M.O.);5.903,21;m2;2.942.393,50;0
4;14.002.007.008;Fechamentos em vidro - Geodésias e passarela - Térreo e L1 - Estimativa;1;vb;4.827.220,00;0
3;14.002.008;Laudos e equipamentos de entrega para o condomínio;;;;
4;14.002.008.001;As Built Digital;144.739,80;m2;86.843,88;0
4;14.002.008.002;Laudo de entrega do empreendimento;144.739,80;m2;43.421,94;0
4;14.002.008.003;Equipamentos para condomínio;1;vb;51.263,47;0
4;14.002.008.004;Máquinas para lavação do piso da garagem;1;un;7.472,58;0
3;14.002.009;Mobilização e Desmobilização;;;;
4;14.002.009.001;Verba p/ demolição de plantão e tapume;1.367,87;m2;704.206,83;0
2;14.003;LIMPEZA FINAL DE OBRA;;;;
3;14.003.001;Limpeza Final de Obra;;;;
4;14.003.001.001;Limpeza grossa da obra;144.739,80;m2;2.169.649,60;0
4;14.003.001.002;Limpeza fina da obra;144.739,80;m2;1.940.960,72;0
4;14.003.001.003;Limpeza pós vistorias da obra;115.605,84;m2;1.550.274,31;0
4;14.003.001.004;Limpeza de ralos;5.012,64;un;77.194,61;0
4;14.003.001.005;Lavação fachada (material e M.O.);80.031,03;m2;1.115.632,54;0
1;15;DECORAÇÃO E MOBILIÁRIO ÁREA COMUM;;;;
2;15.001;DECORAÇÃO E MOBILIÁRIO ÁREA COMUM;;;;
3;15.001.001;Decoração e mobiliário área comum;;;;
4;15.001.001.001;Decoração e mobiliário área comum - Parametrizado;14.103,27;m2;32.041.924,28;0
4;15.001.001.002;Paisagismo especial de fachada;945,96;m2;1.227.988,51;0
